﻿[
    {
        "id": 1,
        "name": "血瓶",
        "type": "Consumable",
        "quality": "Common",
        "description": "这个是用来加血的",
        "capacity": 10,
        "buyPrice": 10,
        "sellPrice": 5,
        "hp": 10,
        "mp": 0,
        "sprite": "Sprites/Items/hp"
    },
    {
        "id": 2,
        "name": "蓝瓶",
        "type": "Consumable",
        "quality": "Common",
        "description": "这个是用来加蓝的",
        "capacity": 10,
        "buyPrice": 10,
        "sellPrice": 5,
        "hp": 0,
        "mp": 10,
        "sprite": "Sprites/Items/mp"
    },
    {
        "id": 3,
        "name": "胸甲",
        "type": "Equipment",
        "quality": "Rare",
        "description": "这个胸甲很牛B",
        "capacity": 1,
        "buyPrice": 20,
        "sellPrice": 10,
        "sprite": "Sprites/Items/armor",
		"strength":10,
		"intellect":4,
		"agility":9,
		"stamina":1,
		"equipType":"Chest"
    },
    {
        "id": 4,
        "name": "皮腰带",
        "type": "Equipment",
        "quality": "Epic",
        "description": "这个腰带可以加速",
        "capacity": 1,
        "buyPrice": 20,
        "sellPrice": 10,
        "sprite": "Sprites/Items/belts",
		"strength":1,
		"intellect":6,
		"agility":10,
		"stamina":10,
		"equipType":"Belt"
    },
    {
        "id": 5,
        "name": "靴子",
        "type": "Equipment",
        "quality": "Legendary",
        "description": "这个靴子可以加速",
        "capacity": 1,
        "buyPrice": 20,
        "sellPrice": 10,
        "sprite": "Sprites/Items/boots",
		"strength":10,
		"intellect":5,
		"agility":0,
		"stamina":10,
		"equipType":"Boots"
    },
    {
        "id": 6,
        "name": "护腕",
        "type": "Equipment",
        "quality": "Rare",
        "description": "这个护腕可以增加防御",
        "capacity": 1,
        "buyPrice": 20,
        "sellPrice": 10,
        "sprite": "Sprites/Items/bracers",
		"strength":1,
		"intellect":2,
		"agility":3,
		"stamina":4,
		"equipType":"Bracer"
    },
    {
        "id": 7,
        "name": "神启手套",
        "type": "Equipment",
        "quality": "Common",
        "description": "很厉害的手套",
        "capacity": 1,
        "buyPrice": 10,
        "sellPrice": 5,
        "sprite": "Sprites/Items/gloves",
		"strength":2,
		"intellect":3,
		"agility":4,
		"stamina":4,
		"equipType":"OffHand"
    },
    {
        "id": 8,
        "name": "头盔",
        "type": "Equipment",
        "quality": "Artifact",
        "description": "很厉害的头盔",
        "capacity": 1,
        "buyPrice": 10,
        "sellPrice": 5,
        "sprite": "Sprites/Items/helmets",
		"strength":2,
		"intellect":3,
		"agility":4,
		"stamina":4,
		"equipType":"Head"
    },
    {
        "id": 9,
        "name": "项链",
        "type": "Equipment",
        "quality": "Rare",
        "description": "很厉害的项链",
        "capacity": 1,
        "buyPrice": 10,
        "sellPrice": 5,
        "sprite": "Sprites/Items/necklace",
		"strength":2,
		"intellect":3,
		"agility":4,
		"stamina":4,
		"equipType":"Neck"
    },
    {
        "id": 10,
        "name": "戒指",
        "type": "Equipment",
        "quality": "Common",
        "description": "很厉害的戒指",
        "capacity": 1,
        "buyPrice": 20,
        "sellPrice": 20,
        "sprite": "Sprites/Items/rings",
		"strength":20,
		"intellect":3,
		"agility":4,
		"stamina":4,
		"equipType":"Ring"
    },
    {
        "id": 11,
        "name": "裤子",
        "type": "Equipment",
        "quality": "Uncommon",
        "description": "很厉害的裤子",
        "capacity": 1,
        "buyPrice": 40,
        "sellPrice": 20,
        "sprite": "Sprites/Items/pants",
		"strength":20,
		"intellect":30,
		"agility":40,
		"stamina":40,
		"equipType":"Leg"
    },
    {
        "id": 12,
        "name": "护肩",
        "type": "Equipment",
        "quality": "Legendary",
        "description": "很厉害的护肩",
        "capacity": 1,
        "buyPrice": 100,
        "sellPrice": 20,
        "sprite": "Sprites/Items/shoulders",
		"strength":2,
		"intellect":3,
		"agility":4,
		"stamina":4,
		"equipType":"Shoulder"
    },
    {
        "id": 13,
        "name": "开天斧",
        "type": "Weapon",
        "quality": "Rare",
        "description": "渔翁移山用的斧子",
        "capacity": 1,
        "buyPrice": 50,
        "sellPrice": 20,
        "sprite": "Sprites/Items/axe",
		"damage":100,
		"weaponType":"MainHand"
    },
    {
        "id": 14,
        "name": "阴阳剑",
        "type": "Weapon",
        "quality": "Rare",
        "description": "非常厉害的剑",
        "capacity": 1,
        "buyPrice": 15,
        "sellPrice": 5,
        "sprite": "Sprites/Items/sword",
		"damage":20,
		"weaponType":"OffHand"
    },
    {
        "id": 15,
        "name": "开天斧的锻造秘籍",
        "type": "Material",
        "quality": "Artifact",
        "description": "用来锻造开天斧的秘籍",
        "capacity": 2,
        "buyPrice": 100,
        "sellPrice": 99,
        "sprite": "Sprites/Items/book"
    },
    {
        "id": 16,
        "name": "头盔的锻造秘籍",
        "type": "Material",
        "quality": "Common",
        "description": "用来锻造头盔的秘籍",
        "capacity": 2,
        "buyPrice": 50,
        "sellPrice": 10,
        "sprite": "Sprites/Items/scroll"
    },
    {
        "id": 17,
        "name": "铁块",
        "type": "Material",
        "quality": "Common",
        "description": "用来锻造其他东西的必备材料",
        "capacity": 20,
        "buyPrice": 5,
        "sellPrice": 4,
        "sprite": "Sprites/Items/ingots"
    }
]